{"cameraMode":{"drawMode":0,"name":"Shaded","section":"Shading Mode"},"sceneLighting":true,"audioPlay":false,"sceneViewState":{"showFog":true,"showMaterialUpdate":false,"showSkybox":true,"showFlares":true,"showImageEffects":true,"showParticleSystems":true},"in2DMode":false,"pivot":{"x":66.09902954101563,"y":-36.97428894042969,"z":303.03009033203127},"rotation":{"x":0.1530495584011078,"y":0.7077912092208862,"z":-0.6705699563026428,"w":0.1615707278251648},"size":93.43165588378906,"orthographic":false}